"Longitude (x)","Latitude (y)","Station Name","Climate ID","Date/Time","Year","Month","Day","Data Quality","Max Temp (°C)","Max Temp Flag","Min Temp (°C)","Min Temp Flag","Mean Temp (°C)","Mean Temp Flag","Heat Deg Days (°C)","Heat Deg Days Flag","Cool Deg Days (°C)","Cool Deg Days Flag","Total Rain (mm)","Total Rain Flag","Total Snow (cm)","Total Snow Flag","Total Precip (mm)","Total Precip Flag","Snow on Grnd (cm)","Snow on Grnd Flag","Dir of Max Gust (10s deg)","Dir of Max Gust Flag","Spd of Max Gust (km/h)","Spd of Max Gust Flag"
"-75.67","45.32","OTTAWA INTL A","6106001","2020-01-01","2020","01","01","","1.1","","-2.0","","-0.5","","18.5","","0.0","","0.0","","0.0","T","0.0","T","15","","26","","35",""
"-75.67","45.32","OTTAWA INTL A","6106001","2020-01-02","2020","01","02","","4.4","","-4.6","","-0.1","","18.1","","0.0","","0.0","","0.0","","0.0","","15","","20","","41",""
"-75.67","45.32","OTTAWA INTL A","6106001","2020-01-03","2020","01","03","","4.7","","1.2","","3.0","","15.0","","0.0","","0.0","","0.0","","0.0","","6","","","","","M"
"-75.67","45.32","OTTAWA INTL A","6106001","2020-01-04","2020","01","04","","1.4","","-3.0","","-0.8","","18.8","","0.0","","0.0","","1.8","","1.3","","4","","","","","M"
"-75.67","45.32","OTTAWA INTL A","6106001","2020-01-05","2020","01","05","","-3.0","","-12.9","","-8.0","","26.0","","0.0","","0.0","","0.0","T","0.0","T","6","","28","","37",""
"-75.67","45.32","OTTAWA INTL A","6106001","2020-01-06","2020","01","06","","-4.1","","-11.7","","-7.9","","25.9","","0.0","","0.0","","6.6","","3.4","","8","","27","","35",""
"-75.67","45.32","OTTAWA INTL A","6106001","2020-01-07","2020","01","07","","-0.4","","-7.0","","-3.7","","21.7","","0.0","","0.0","","0.0","T","0.0","T","12","","27","","33",""
"-75.67","45.32","OTTAWA INTL A","6106001","2020-01-08","2020","01","08","","-1.2","","-15.1","","-8.2","","26.2","","0.0","","0.0","","0.0","T","0.0","T","10","","29","","63",""
"-75.67","45.32","OTTAWA INTL A","6106001","2020-01-09","2020","01","09","","-10.2","","-18.6","","-14.4","","32.4","","0.0","","0.0","T","0.0","","0.0","T","9","","9","","42",""
"-75.67","45.32","OTTAWA INTL A","6106001","2020-01-10","2020","01","10","","3.7","","-10.2","","-3.3","","21.3","","0.0","","0.0","","0.0","T","0.0","T","8","","20","","45",""
"-75.67","45.32","OTTAWA INTL A","6106001","2020-01-11","2020","01","11","","8.3","","-2.4","","3.0","","15.0","","0.0","","38.9","","0.4","","43.1","","4","","34","","45",""
"-75.67","45.32","OTTAWA INTL A","6106001","2020-01-12","2020","01","12","","-2.4","","-11.2","","-6.8","","24.8","","0.0","","0.8","","12.0","","12.0","","4","","4","","48",""
"-75.67","45.32","OTTAWA INTL A","6106001","2020-01-13","2020","01","13","","-6.8","","-11.6","","-9.2","","27.2","","0.0","","0.8","","0.2","","1.0","","7","","","M","","M"
"-75.67","45.32","OTTAWA INTL A","6106001","2020-01-14","2020","01","14","","-5.6","","-9.5","","-7.6","","25.6","","0.0","","0.0","","0.0","T","0.0","T","5","","6","","32",""
"-75.67","45.32","OTTAWA INTL A","6106001","2020-01-15","2020","01","15","","0.7","","-6.7","","-3.0","","21.0","","0.0","","0.0","","0.2","","0.2","","5","E","","M","","M"
"-75.67","45.32","OTTAWA INTL A","6106001","2020-01-16","2020","01","16","","-1.9","","-17.1","","-9.5","","27.5","","0.0","","0.0","","7.4","","4.6","","10","","32","","55",""
"-75.67","45.32","OTTAWA INTL A","6106001","2020-01-17","2020","01","17","","-16.3","","-20.8","","-18.6","","36.6","","0.0","","0.0","","0.0","","0.0","","10","","32","","52",""
"-75.67","45.32","OTTAWA INTL A","6106001","2020-01-18","2020","01","18","","-14.0","","-19.1","","-16.6","","34.6","","0.0","","0.0","","14.3","","10.3","","10","","7","","54",""
"-75.67","45.32","OTTAWA INTL A","6106001","2020-01-19","2020","01","19","","-9.5","","-15.0","","-12.3","","30.3","","0.0","","0.0","","6.6","","4.6","","30","","33","","41",""
"-75.67","45.32","OTTAWA INTL A","6106001","2020-01-20","2020","01","20","","-10.2","","-19.6","","-14.9","","32.9","","0.0","","0.0","","0.0","","0.0","","30","","32","","41",""
"-75.67","45.32","OTTAWA INTL A","6106001","2020-01-21","2020","01","21","","-4.5","","-20.4","","-12.5","","30.5","","0.0","","0.0","","0.0","","0.0","","29","","22","","42",""
"-75.67","45.32","OTTAWA INTL A","6106001","2020-01-22","2020","01","22","","1.4","","-8.0","","-3.3","","21.3","","0.0","","0.0","","0.0","","0.0","","28","","20","","45",""
"-75.67","45.32","OTTAWA INTL A","6106001","2020-01-23","2020","01","23","","1.8","","-5.1","","-1.7","","19.7","","0.0","","0.0","","0.0","","0.0","","21","","","M","","M"
"-75.67","45.32","OTTAWA INTL A","6106001","2020-01-24","2020","01","24","","1.4","","-4.2","","-1.4","","19.4","","0.0","","0.0","","0.0","","0.0","","20","","7","","45",""
"-75.67","45.32","OTTAWA INTL A","6106001","2020-01-25","2020","01","25","","0.3","","-2.5","","-1.1","","19.1","","0.0","","2.8","","6.4","","13.6","","18","","7","","46",""
"-75.67","45.32","OTTAWA INTL A","6106001","2020-01-26","2020","01","26","","1.4","","-0.1","","0.7","","17.3","","0.0","","1.2","","5.6","","4.8","","26","","","","","M"
"-75.67","45.32","OTTAWA INTL A","6106001","2020-01-27","2020","01","27","","1.3","","-1.9","","-0.3","","18.3","","0.0","","0.0","","0.2","","0.2","","29","","31","","35",""
"-75.67","45.32","OTTAWA INTL A","6106001","2020-01-28","2020","01","28","","-1.8","","-8.8","","-5.3","","23.3","","0.0","","0.6","","0.0","T","0.6","","25","","32","","35",""
"-75.67","45.32","OTTAWA INTL A","6106001","2020-01-29","2020","01","29","","-7.9","","-14.9","","-11.4","","29.4","","0.0","","0.0","","0.0","","0.0","","22","","32","","33",""
"-75.67","45.32","OTTAWA INTL A","6106001","2020-01-30","2020","01","30","","-6.2","","-15.9","","-11.1","","29.1","","0.0","","0.0","","0.0","","0.0","","22","","","M","","M"
"-75.67","45.32","OTTAWA INTL A","6106001","2020-01-31","2020","01","31","","-6.0","","-15.6","","-10.8","","28.8","","0.0","","0.0","","1.0","","0.6","","22","","","M","","M"
"-75.67","45.32","OTTAWA INTL A","6106001","2020-02-01","2020","02","01","","-2.2","","-12.7","","-7.5","","25.5","","0.0","","0.0","","0.0","T","0.0","T","22","","","M","","M"
"-75.67","45.32","OTTAWA INTL A","6106001","2020-02-02","2020","02","02","","-1.8","","-8.3","","-5.1","","23.1","","0.0","","0.0","","2.8","","1.8","","21","","","M","","M"
"-75.67","45.32","OTTAWA INTL A","6106001","2020-02-03","2020","02","03","","3.6","","-4.6","","-0.5","","18.5","","0.0","","0.0","","0.0","T","0.0","T","21","","24","","37",""
"-75.67","45.32","OTTAWA INTL A","6106001","2020-02-04","2020","02","04","","2.0","","-5.7","","-1.9","","19.9","","0.0","","0.0","","0.0","","0.0","","17","","32","","39",""
"-75.67","45.32","OTTAWA INTL A","6106001","2020-02-05","2020","02","05","","-3.4","","-11.8","","-7.6","","25.6","","0.0","","0.0","","0.0","","0.0","","16","","32","","50",""
"-75.67","45.32","OTTAWA INTL A","6106001","2020-02-06","2020","02","06","","-5.4","","-10.6","","-8.0","","26.0","","0.0","","0.6","","7.2","","6.2","","16","","3","","37",""
"-75.67","45.32","OTTAWA INTL A","6106001","2020-02-07","2020","02","07","","-5.4","","-15.1","","-10.3","","28.3","","0.0","","0.0","","18.8","","12.8","","32","","31","","58",""
"-75.67","45.32","OTTAWA INTL A","6106001","2020-02-08","2020","02","08","","-15.1","","-22.8","","-19.0","","37.0","","0.0","","0.0","","0.0","","0.0","","41","","30","","35",""
"-75.67","45.32","OTTAWA INTL A","6106001","2020-02-09","2020","02","09","","-9.7","","-26.3","","-18.0","","36.0","","0.0","","0.0","","2.8","","2.0","","41","","","M","","M"
"-75.67","45.32","OTTAWA INTL A","6106001","2020-02-10","2020","02","10","","-0.4","","-11.9","","-6.2","","24.2","","0.0","","0.0","","5.2","","2.6","","49","","","M","","M"
"-75.67","45.32","OTTAWA INTL A","6106001","2020-02-11","2020","02","11","","-0.3","","-8.2","","-4.3","","22.3","","0.0","","0.0","","0.0","T","0.0","T","46","","25","","32",""
"-75.67","45.32","OTTAWA INTL A","6106001","2020-02-12","2020","02","12","","1.8","","-6.5","","-2.4","","20.4","","0.0","","0.0","","0.0","","0.0","","39","","22","","45",""
"-75.67","45.32","OTTAWA INTL A","6106001","2020-02-13","2020","02","13","","-1.0","","-20.2","","-10.6","","28.6","","0.0","","0.0","","4.4","","2.0","","32","","32","","45",""
"-75.67","45.32","OTTAWA INTL A","6106001","2020-02-14","2020","02","14","","-16.1","","-25.7","","-20.9","","38.9","","0.0","","0.0","","0.0","","0.0","","34","","32","","33",""
"-75.67","45.32","OTTAWA INTL A","6106001","2020-02-15","2020","02","15","","-3.0","","-16.9","","-10.0","","28.0","","0.0","","0.0","","0.0","T","0.0","T","31","","19","","52",""
"-75.67","45.32","OTTAWA INTL A","6106001","2020-02-16","2020","02","16","","3.4","","-5.6","","-1.1","","19.1","","0.0","","0.0","","0.0","T","0.0","T","31","","23","","46",""
"-75.67","45.32","OTTAWA INTL A","6106001","2020-02-17","2020","02","17","","-5.4","","-15.3","","-10.4","","28.4","","0.0","","0.0","","0.0","T","0.0","T","30","","","","","M"
"-75.67","45.32","OTTAWA INTL A","6106001","2020-02-18","2020","02","18","","4.1","","-13.5","","-4.7","","22.7","","0.0","","0.0","","4.2","","2.0","","30","","26","","68",""
"-75.67","45.32","OTTAWA INTL A","6106001","2020-02-19","2020","02","19","","1.0","","-14.1","","-6.6","","24.6","","0.0","","0.0","","0.0","T","0.0","T","32","","31","","72",""
"-75.67","45.32","OTTAWA INTL A","6106001","2020-02-20","2020","02","20","","-11.7","","-18.3","","-15.0","","33.0","","0.0","","0.0","","0.0","T","0.0","T","31","","28","","37",""
"-75.67","45.32","OTTAWA INTL A","6106001","2020-02-21","2020","02","21","","-0.6","","-20.0","","-10.3","","28.3","","0.0","","0.0","","0.0","T","0.0","T","29","","22","","50",""
"-75.67","45.32","OTTAWA INTL A","6106001","2020-02-22","2020","02","22","","3.4","","-4.2","","-0.4","","18.4","","0.0","","0.0","","0.0","","0.0","","27","","22","","45",""
"-75.67","45.32","OTTAWA INTL A","6106001","2020-02-23","2020","02","23","","6.1","","-4.9","","0.6","","17.4","","0.0","","0.0","","0.0","","0.0","","25","","20","","39",""
"-75.67","45.32","OTTAWA INTL A","6106001","2020-02-24","2020","02","24","","8.4","","-0.2","","4.1","","13.9","","0.0","","0.0","","0.0","","0.0","","19","","18","","33",""
"-75.67","45.32","OTTAWA INTL A","6106001","2020-02-25","2020","02","25","","4.7","","0.2","","2.5","","15.5","","0.0","","0.0","","0.0","","0.0","","14","","","M","","M"
"-75.67","45.32","OTTAWA INTL A","6106001","2020-02-26","2020","02","26","","0.3","","-1.9","","-0.8","","18.8","","0.0","","0.8","","2.4","","3.8","","13","","6","","52",""
"-75.67","45.32","OTTAWA INTL A","6106001","2020-02-27","2020","02","27","","0.7","","-10.0","","-4.7","","22.7","","0.0","","3.5","","17.2","","16.8","","17","","27","","58",""
"-75.67","45.32","OTTAWA INTL A","6106001","2020-02-28","2020","02","28","","-8.4","","-14.4","","-11.4","","29.4","","0.0","","0.0","","1.8","","0.4","","24","","24","","50",""
"-75.67","45.32","OTTAWA INTL A","6106001","2020-02-29","2020","02","29","","-9.5","","-17.2","","-13.4","","31.4","","0.0","","0.0","","0.0","T","0.0","T","24","","29","","33",""
"-75.67","45.32","OTTAWA INTL A","6106001","2020-03-01","2020","03","01","","-4.5","","-17.4","","-11.0","","29.0","","0.0","","0.0","","2.2","","1.8","","24","","","M","","M"
"-75.67","45.32","OTTAWA INTL A","6106001","2020-03-02","2020","03","02","","4.0","","-7.2","","-1.6","","19.6","","0.0","","4.4","","0.8","","4.8","","26","","","","","M"
"-75.67","45.32","OTTAWA INTL A","6106001","2020-03-03","2020","03","03","","3.5","","-5.5","","-1.0","","19.0","","0.0","","8.2","","0.0","T","8.4","","23","","26","","45",""
"-75.67","45.32","OTTAWA INTL A","6106001","2020-03-04","2020","03","04","","4.1","","-0.7","","1.7","","16.3","","0.0","","0.0","","0.0","T","0.0","T","17","","27","","54",""
"-75.67","45.32","OTTAWA INTL A","6106001","2020-03-05","2020","03","05","","2.4","","-3.1","","-0.4","","18.4","","0.0","","0.0","","0.0","T","0.0","T","16","","28","","35",""
"-75.67","45.32","OTTAWA INTL A","6106001","2020-03-06","2020","03","06","","0.0","","-6.2","","-3.1","","21.1","","0.0","","0.4","","4.4","","3.8","","18","","5","","48",""
"-75.67","45.32","OTTAWA INTL A","6106001","2020-03-07","2020","03","07","","-1.0","","-11.8","","-6.4","","24.4","","0.0","","0.0","","0.0","","0.0","","17","","2","","32",""
"-75.67","45.32","OTTAWA INTL A","6106001","2020-03-08","2020","03","08","","6.5","","-2.1","","2.2","","15.8","","0.0","","0.0","","0.0","","0.0","","17","","","","","M"
"-75.67","45.32","OTTAWA INTL A","6106001","2020-03-09","2020","03","09","","12.8","","3.0","","7.9","","10.1","","0.0","","2.6","","0.0","","2.6","","11","","20","","32",""
"-75.67","45.32","OTTAWA INTL A","6106001","2020-03-10","2020","03","10","","7.8","","-4.1","","1.9","","16.1","","0.0","","3.9","","0.0","","3.9","","4","","31","","50",""
"-75.67","45.32","OTTAWA INTL A","6106001","2020-03-11","2020","03","11","","-1.6","","-6.8","","-4.2","","22.2","","0.0","","0.0","","0.0","","0.0","","2","","33","","33",""
"-75.67","45.32","OTTAWA INTL A","6106001","2020-03-12","2020","03","12","","1.8","","-3.4","","-0.8","","18.8","","0.0","","0.0","","0.0","","0.0","","2","","8","","42",""
"-75.67","45.32","OTTAWA INTL A","6106001","2020-03-13","2020","03","13","","7.2","","0.1","","3.7","","14.3","","0.0","","8.3","","0.0","","8.3","","2","","24","","74",""
"-75.67","45.32","OTTAWA INTL A","6106001","2020-03-14","2020","03","14","","4.5","","-3.3","","0.6","","17.4","","0.0","","0.0","","0.0","T","0.0","T","2","","26","","63",""
"-75.67","45.32","OTTAWA INTL A","6106001","2020-03-15","2020","03","15","","-1.9","","-8.8","","-5.4","","23.4","","0.0","","0.0","","0.0","","0.0","","2","","33","","41",""
"-75.67","45.32","OTTAWA INTL A","6106001","2020-03-16","2020","03","16","","-1.1","","-10.1","","-5.6","","23.6","","0.0","","0.0","","0.0","","0.0","","2","","","","","M"
"-75.67","45.32","OTTAWA INTL A","6106001","2020-03-17","2020","03","17","","5.8","","-3.2","","1.3","","16.7","","0.0","","6.6","","0.0","","6.6","","2","","24","","48",""
"-75.67","45.32","OTTAWA INTL A","6106001","2020-03-18","2020","03","18","","3.2","","-3.7","","-0.3","","18.3","","0.0","","0.0","","0.0","","0.0","","1","","","M","","M"
"-75.67","45.32","OTTAWA INTL A","6106001","2020-03-19","2020","03","19","","3.8","","-0.6","","1.6","","16.4","","0.0","","0.3","","0.0","","0.3","","0","T","5","","33",""
"-75.67","45.32","OTTAWA INTL A","6106001","2020-03-20","2020","03","20","","14.2","","-6.1","","4.1","","13.9","","0.0","","3.7","","0.0","T","3.7","","0","T","26","","74",""
"-75.67","45.32","OTTAWA INTL A","6106001","2020-03-21","2020","03","21","","-3.6","","-11.1","","-7.4","","25.4","","0.0","","0.0","","0.0","","0.0","","0","T","33","","55",""
"-75.67","45.32","OTTAWA INTL A","6106001","2020-03-22","2020","03","22","","-0.3","","-10.2","","-5.3","","23.3","","0.0","","0.0","","0.0","","0.0","","0","T","8","","35",""
"-75.67","45.32","OTTAWA INTL A","6106001","2020-03-23","2020","03","23","","0.1","","-5.5","","-2.7","","20.7","","0.0","","0.0","","5.6","","4.8","","0","T","7","","33",""
"-75.67","45.32","OTTAWA INTL A","6106001","2020-03-24","2020","03","24","","4.5","","-2.4","","1.1","","16.9","","0.0","","0.0","","0.0","","0.0","","5","","","M","","M"
"-75.67","45.32","OTTAWA INTL A","6106001","2020-03-25","2020","03","25","","5.2","","-3.7","","0.8","","17.2","","0.0","","0.0","T","0.0","","0.0","T","1","","","M","","M"
"-75.67","45.32","OTTAWA INTL A","6106001","2020-03-26","2020","03","26","","10.9","","0.8","","5.9","","12.1","","0.0","","3.7","","0.0","T","3.7","","0","T","27","","50",""
"-75.67","45.32","OTTAWA INTL A","6106001","2020-03-27","2020","03","27","","8.2","","-2.2","","3.0","","15.0","","0.0","","0.0","","0.0","","0.0","","0","T","32","","39",""
"-75.67","45.32","OTTAWA INTL A","6106001","2020-03-28","2020","03","28","","7.3","","-4.8","","1.3","","16.7","","0.0","","0.0","","0.0","","0.0","","0","T","6","","33",""
"-75.67","45.32","OTTAWA INTL A","6106001","2020-03-29","2020","03","29","","8.2","","2.8","","5.5","","12.5","","0.0","","18.7","","0.0","","18.7","","","","7","","48",""
"-75.67","45.32","OTTAWA INTL A","6106001","2020-03-30","2020","03","30","","9.0","","1.2","","5.1","","12.9","","0.0","","6.9","","0.0","","6.9","","","","6","","41",""
"-75.67","45.32","OTTAWA INTL A","6106001","2020-03-31","2020","03","31","","8.9","","-1.4","","3.8","","14.2","","0.0","","0.4","","0.0","","0.4","","","","6","","46",""
"-75.67","45.32","OTTAWA INTL A","6106001","2020-04-01","2020","04","01","","7.4","","-2.6","","2.4","","15.6","","0.0","","0.0","","0.0","","0.0","","","","4","","33",""
"-75.67","45.32","OTTAWA INTL A","6106001","2020-04-02","2020","04","02","","10.8","","-1.4","","4.7","","13.3","","0.0","","0.0","T","0.0","","0.0","T","","","35","","52",""
"-75.67","45.32","OTTAWA INTL A","6106001","2020-04-03","2020","04","03","","10.0","","3.7","","6.9","","11.1","","0.0","","1.5","","0.0","","1.5","","","","3","","39",""
"-75.67","45.32","OTTAWA INTL A","6106001","2020-04-04","2020","04","04","","14.3","","2.3","","8.3","","9.7","","0.0","","0.0","","0.0","","0.0","","","","","M","","M"
"-75.67","45.32","OTTAWA INTL A","6106001","2020-04-05","2020","04","05","","10.4","","-0.2","","5.1","","12.9","","0.0","","0.8","","0.0","","0.8","","","","28","","42",""
"-75.67","45.32","OTTAWA INTL A","6106001","2020-04-06","2020","04","06","","14.7","","-2.8","","6.0","","12.0","","0.0","","0.0","","0.0","","0.0","","","","29","","52",""
"-75.67","45.32","OTTAWA INTL A","6106001","2020-04-07","2020","04","07","","13.1","","-1.0","","6.1","","11.9","","0.0","","0.0","","0.0","","0.0","","","","32","","41",""
"-75.67","45.32","OTTAWA INTL A","6106001","2020-04-08","2020","04","08","","7.9","","0.5","","4.2","","13.8","","0.0","","0.0","","0.0","","0.0","","","","5","","32",""
"-75.67","45.32","OTTAWA INTL A","6106001","2020-04-09","2020","04","09","","7.7","","0.7","","4.2","","13.8","","0.0","","10.8","","0.8","","11.6","","","","28","","65",""
"-75.67","45.32","OTTAWA INTL A","6106001","2020-04-10","2020","04","10","","5.2","","-0.3","","2.5","","15.5","","0.0","","0.2","","1.0","","0.7","","0","T","33","","58",""
"-75.67","45.32","OTTAWA INTL A","6106001","2020-04-11","2020","04","11","","8.7","","-2.0","","3.4","","14.6","","0.0","","0.0","","0.0","","0.0","","","","31","","52",""
"-75.67","45.32","OTTAWA INTL A","6106001","2020-04-12","2020","04","12","","12.1","","-2.3","","4.9","","13.1","","0.0","","0.0","","0.0","","0.0","","","","20","","45",""
"-75.67","45.32","OTTAWA INTL A","6106001","2020-04-13","2020","04","13","","15.3","","2.4","","8.9","","9.1","","0.0","","19.8","","0.0","","19.8","","","","24","","74",""
"-75.67","45.32","OTTAWA INTL A","6106001","2020-04-14","2020","04","14","","8.4","","-0.8","","3.8","","14.2","","0.0","","0.0","","2.0","","1.0","","2","E","24","","63",""
"-75.67","45.32","OTTAWA INTL A","6106001","2020-04-15","2020","04","15","","4.4","","-4.4","","0.0","","18.0","","0.0","","0.0","","0.0","T","0.0","T","0","T","23","","46",""
"-75.67","45.32","OTTAWA INTL A","6106001","2020-04-16","2020","04","16","","5.8","","-5.4","","0.2","","17.8","","0.0","","0.0","","0.0","T","0.0","T","","","26","","52",""
"-75.67","45.32","OTTAWA INTL A","6106001","2020-04-17","2020","04","17","","","M","","M","","M","","M","","M","0.0","","0.0","","0.0","","","","27","","45",""
"-75.67","45.32","OTTAWA INTL A","6106001","2020-04-18","2020","04","18","","11.1","","-4.8","","3.2","","14.8","","0.0","","0.0","","0.0","","0.0","","","","22","","37",""
"-75.67","45.32","OTTAWA INTL A","6106001","2020-04-19","2020","04","19","","7.8","","-2.0","","2.9","","15.1","","0.0","","6.4","","0.0","","6.4","","","","27","","48",""
"-75.67","45.32","OTTAWA INTL A","6106001","2020-04-20","2020","04","20","","6.0","","-5.6","","0.2","","17.8","","0.0","","0.0","","0.0","","0.0","","","","33","","33",""
"-75.67","45.32","OTTAWA INTL A","6106001","2020-04-21","2020","04","21","","7.8","","-4.8","","1.5","","16.5","","0.0","","3.2","","2.0","","4.7","","1","E","24","","80",""
"-75.67","45.32","OTTAWA INTL A","6106001","2020-04-22","2020","04","22","","3.0","","-6.2","","-1.6","","19.6","","0.0","","0.0","","0.6","","0.4","","2","","29","","67",""
"-75.67","45.32","OTTAWA INTL A","6106001","2020-04-23","2020","04","23","","7.4","","-6.5","","0.5","","17.5","","0.0","","0.0","","0.0","","0.0","","","","31","","32",""
"-75.67","45.32","OTTAWA INTL A","6106001","2020-04-24","2020","04","24","","9.4","","-3.9","","2.8","","15.2","","0.0","","0.0","","0.0","","0.0","","","","5","","33",""
"-75.67","45.32","OTTAWA INTL A","6106001","2020-04-25","2020","04","25","","15.4","","-3.5","","6.0","","12.0","","0.0","","0.0","","0.0","","0.0","","","","","M","","M"
"-75.67","45.32","OTTAWA INTL A","6106001","2020-04-26","2020","04","26","","13.0","","3.7","","8.4","","9.6","","0.0","","0.0","","0.0","","0.0","","","","7","","42",""
"-75.67","45.32","OTTAWA INTL A","6106001","2020-04-27","2020","04","27","","13.6","","1.6","","7.6","","10.4","","0.0","","0.0","","0.0","","0.0","","","","5","","39",""
"-75.67","45.32","OTTAWA INTL A","6106001","2020-04-28","2020","04","28","","15.4","","-1.0","","7.2","","10.8","","0.0","","0.0","","0.0","","0.0","","","","","","","M"
"-75.67","45.32","OTTAWA INTL A","6106001","2020-04-29","2020","04","29","","16.8","","1.9","","9.4","","8.6","","0.0","","0.0","T","0.0","","0.0","T","","","10","","54",""
"-75.67","45.32","OTTAWA INTL A","6106001","2020-04-30","2020","04","30","","13.0","","9.4","","11.2","","6.8","","0.0","","21.6","","0.0","","21.6","","","","11","","48",""
"-75.67","45.32","OTTAWA INTL A","6106001","2020-05-01","2020","05","01","","14.4","","2.8","","8.6","","9.4","","0.0","","2.3","","0.0","","2.3","","","","34","","46",""
"-75.67","45.32","OTTAWA INTL A","6106001","2020-05-02","2020","05","02","","20.5","","2.9","","11.7","","6.3","","0.0","","1.3","","0.0","","1.3","","","","23","","54",""
"-75.67","45.32","OTTAWA INTL A","6106001","2020-05-03","2020","05","03","","22.1","","6.2","","14.2","","3.8","","0.0","","0.3","","0.0","","0.3","","","","25","","59",""
"-75.67","45.32","OTTAWA INTL A","6106001","2020-05-04","2020","05","04","","11.2","","0.3","","5.8","","12.2","","0.0","","0.0","T","0.0","","0.0","T","","","34","","50",""
"-75.67","45.32","OTTAWA INTL A","6106001","2020-05-05","2020","05","05","","11.6","","-1.6","","5.0","","13.0","","0.0","","0.0","","0.0","","0.0","","","","33","","41",""
"-75.67","45.32","OTTAWA INTL A","6106001","2020-05-06","2020","05","06","","15.2","","2.2","","8.7","","9.3","","0.0","","0.0","","0.0","","0.0","","","","34","","32",""
"-75.67","45.32","OTTAWA INTL A","6106001","2020-05-07","2020","05","07","","15.3","","0.8","","8.1","","9.9","","0.0","","0.0","","0.0","","0.0","","","","30","","58",""
"-75.67","45.32","OTTAWA INTL A","6106001","2020-05-08","2020","05","08","","5.8","","-1.1","","2.4","","15.6","","0.0","","0.0","","0.4","","0.0","T","","","31","","42",""
"-75.67","45.32","OTTAWA INTL A","6106001","2020-05-09","2020","05","09","","5.7","","-3.3","","1.2","","16.8","","0.0","","0.0","","0.0","T","0.0","T","","","31","","65",""
"-75.67","45.32","OTTAWA INTL A","6106001","2020-05-10","2020","05","10","","12.6","","-0.7","","6.0","","12.0","","0.0","","0.0","","0.0","","0.0","","","","28","","54",""
"-75.67","45.32","OTTAWA INTL A","6106001","2020-05-11","2020","05","11","","10.6","","0.7","","5.7","","12.3","","0.0","","0.0","","0.0","","0.0","","","","31","","42",""
"-75.67","45.32","OTTAWA INTL A","6106001","2020-05-12","2020","05","12","","8.8","","-4.6","","2.1","","15.9","","0.0","","0.0","","0.0","","0.0","","","","27","","45",""
"-75.67","45.32","OTTAWA INTL A","6106001","2020-05-13","2020","05","13","","14.7","","-2.4","","6.2","","11.8","","0.0","","0.0","","0.0","","0.0","","","","28","","41",""
"-75.67","45.32","OTTAWA INTL A","6106001","2020-05-14","2020","05","14","","18.1","","0.6","","9.4","","8.6","","0.0","","0.2","","0.0","","0.2","","","","23","","37",""
"-75.67","45.32","OTTAWA INTL A","6106001","2020-05-15","2020","05","15","","","M","","M","","M","","M","","M","24.0","","0.0","","24.0","","","","3","","32",""
"-75.67","45.32","OTTAWA INTL A","6106001","2020-05-16","2020","05","16","","17.6","","8.2","","12.9","","5.1","","0.0","","0.0","","0.0","","0.0","","","","32","","37",""
"-75.67","45.32","OTTAWA INTL A","6106001","2020-05-17","2020","05","17","","19.8","","7.6","","13.7","","4.3","","0.0","","0.0","","0.0","","0.0","","","","","","","M"
"-75.67","45.32","OTTAWA INTL A","6106001","2020-05-18","2020","05","18","","21.0","","10.6","","15.8","","2.2","","0.0","","0.0","","0.0","","0.0","","","","8","","42",""
"-75.67","45.32","OTTAWA INTL A","6106001","2020-05-19","2020","05","19","","19.8","","7.5","","13.7","","4.3","","0.0","","0.0","","0.0","","0.0","","","","6","","46",""
"-75.67","45.32","OTTAWA INTL A","6106001","2020-05-20","2020","05","20","","23.9","","5.4","","14.7","","3.3","","0.0","","0.0","","0.0","","0.0","","","","","","","M"
"-75.67","45.32","OTTAWA INTL A","6106001","2020-05-21","2020","05","21","","24.8","","8.1","","16.5","","1.5","","0.0","","0.0","","0.0","","0.0","","","","24","","41",""
"-75.67","45.32","OTTAWA INTL A","6106001","2020-05-22","2020","05","22","","28.7","","7.8","","18.3","","0.0","","0.3","","0.0","","0.0","","0.0","","","","","","","M"
"-75.67","45.32","OTTAWA INTL A","6106001","2020-05-23","2020","05","23","","24.5","","12.1","","18.3","","0.0","","0.3","","0.0","","0.0","","0.0","","","","7","","45",""
"-75.67","45.32","OTTAWA INTL A","6106001","2020-05-24","2020","05","24","","28.3","","9.1","","18.7","","0.0","","0.7","","0.0","","0.0","","0.0","","","","","","","M"
"-75.67","45.32","OTTAWA INTL A","6106001","2020-05-25","2020","05","25","","23.4","","16.2","","19.8","","0.0","","1.8","","1.5","","0.0","","1.5","","","","19","","39",""
"-75.67","45.32","OTTAWA INTL A","6106001","2020-05-26","2020","05","26","","33.2","","13.7","","23.5","","0.0","","5.5","","0.0","","0.0","","0.0","","","","21","","37",""
"-75.67","45.32","OTTAWA INTL A","6106001","2020-05-27","2020","05","27","","35.0","","18.3","","26.7","","0.0","","8.7","","0.0","","0.0","","0.0","","","","20","","45",""
"-75.67","45.32","OTTAWA INTL A","6106001","2020-05-28","2020","05","28","","27.8","","18.9","","23.4","","0.0","","5.4","","0.2","","0.0","","0.2","","","","18","","46",""
"-75.67","45.32","OTTAWA INTL A","6106001","2020-05-29","2020","05","29","","29.0","","12.9","","21.0","","0.0","","3.0","","8.1","","0.0","","8.1","","","","20","","50",""
"-75.67","45.32","OTTAWA INTL A","6106001","2020-05-30","2020","05","30","","20.5","","4.1","","12.3","","5.7","","0.0","","6.3","","0.0","","6.3","","","","32","","54",""
"-75.67","45.32","OTTAWA INTL A","6106001","2020-05-31","2020","05","31","","13.1","","2.8","","8.0","","10.0","","0.0","","0.0","T","0.0","","0.0","T","","","27","","45",""
"-75.67","45.32","OTTAWA INTL A","6106001","2020-06-01","2020","06","01","","18.1","","0.7","","9.4","","8.6","","0.0","","0.0","T","0.0","","0.0","T","","","19","","39",""
"-75.67","45.32","OTTAWA INTL A","6106001","2020-06-02","2020","06","02","","16.1","","7.8","","12.0","","6.0","","0.0","","0.8","","0.0","","0.8","","","","","M","","M"
"-75.67","45.32","OTTAWA INTL A","6106001","2020-06-03","2020","06","03","","19.6","","10.1","","14.9","","3.1","","0.0","","0.0","","0.0","","0.0","","","","","M","","M"
"-75.67","45.32","OTTAWA INTL A","6106001","2020-06-04","2020","06","04","","25.4","","9.5","","17.5","","0.5","","0.0","","0.0","","0.0","","0.0","","","","31","","35",""
"-75.67","45.32","OTTAWA INTL A","6106001","2020-06-05","2020","06","05","","29.8","","11.3","","20.6","","0.0","","2.6","","52.1","","0.0","","52.1","","","","20","","52",""
"-75.67","45.32","OTTAWA INTL A","6106001","2020-06-06","2020","06","06","","24.9","","13.0","","19.0","","0.0","","1.0","","0.6","","0.0","","0.6","","","","35","","61",""
"-75.67","45.32","OTTAWA INTL A","6106001","2020-06-07","2020","06","07","","21.6","","9.6","","15.6","","2.4","","0.0","","0.0","","0.0","","0.0","","","","31","","42",""
"-75.67","45.32","OTTAWA INTL A","6106001","2020-06-08","2020","06","08","","22.7","","8.2","","15.5","","2.5","","0.0","","0.0","","0.0","","0.0","","","","32","","35",""
"-75.67","45.32","OTTAWA INTL A","6106001","2020-06-09","2020","06","09","","22.1","","12.6","","17.4","","0.6","","0.0","","0.7","","0.0","","0.7","","","","","M","","M"
"-75.67","45.32","OTTAWA INTL A","6106001","2020-06-10","2020","06","10","","29.5","","13.8","","21.7","","0.0","","3.7","","1.5","","0.0","","1.5","","","","18","","46",""
"-75.67","45.32","OTTAWA INTL A","6106001","2020-06-11","2020","06","11","","23.3","","14.0","","18.7","","0.0","","0.7","","3.7","","0.0","","3.7","","","","22","","59",""
"-75.67","45.32","OTTAWA INTL A","6106001","2020-06-12","2020","06","12","","18.1","","5.4","","11.8","","6.2","","0.0","","0.5","","0.0","","0.5","","","","30","","55",""
"-75.67","45.32","OTTAWA INTL A","6106001","2020-06-13","2020","06","13","","16.7","","5.3","","11.0","","7.0","","0.0","","0.6","","0.0","","0.6","","","","32","","41",""
"-75.67","45.32","OTTAWA INTL A","6106001","2020-06-14","2020","06","14","","20.9","","5.8","","13.4","","4.6","","0.0","","0.0","","0.0","","0.0","","","","7","","32",""
"-75.67","45.32","OTTAWA INTL A","6106001","2020-06-15","2020","06","15","","23.8","","5.7","","14.8","","3.2","","0.0","","0.0","","0.0","","0.0","","","","","M","","M"
"-75.67","45.32","OTTAWA INTL A","6106001","2020-06-16","2020","06","16","","27.4","","8.5","","18.0","","0.0","","0.0","","0.0","","0.0","","0.0","","","","","","","M"
"-75.67","45.32","OTTAWA INTL A","6106001","2020-06-17","2020","06","17","","30.0","","10.5","","20.3","","0.0","","2.3","","0.0","","0.0","","0.0","","","","","","","M"
"-75.67","45.32","OTTAWA INTL A","6106001","2020-06-18","2020","06","18","","32.1","","12.3","","22.2","","0.0","","4.2","","0.0","","0.0","","0.0","","","","","M","","M"
"-75.67","45.32","OTTAWA INTL A","6106001","2020-06-19","2020","06","19","","31.5","","17.0","","24.3","","0.0","","6.3","","0.0","","0.0","","0.0","","","","20","","32",""
"-75.67","45.32","OTTAWA INTL A","6106001","2020-06-20","2020","06","20","","32.4","","17.4","","24.9","","0.0","","6.9","","0.0","","0.0","","0.0","","","","","","","M"
"-75.67","45.32","OTTAWA INTL A","6106001","2020-06-21","2020","06","21","","32.5","","16.9","","24.7","","0.0","","6.7","","0.0","","0.0","","0.0","","","","","","","M"
"-75.67","45.32","OTTAWA INTL A","6106001","2020-06-22","2020","06","22","","33.5","","18.7","","26.1","","0.0","","8.1","","0.7","","0.0","","0.7","","","","24","","50",""
"-75.67","45.32","OTTAWA INTL A","6106001","2020-06-23","2020","06","23","","30.8","","19.1","","25.0","","0.0","","7.0","","6.1","","0.0","","6.1","","","","22","","50",""
"-75.67","45.32","OTTAWA INTL A","6106001","2020-06-24","2020","06","24","","21.7","","15.2","","18.5","","0.0","","0.5","","0.2","","0.0","","0.2","","","","24","","63",""
"-75.67","45.32","OTTAWA INTL A","6106001","2020-06-25","2020","06","25","","24.7","","15.3","","20.0","","0.0","","2.0","","0.0","T","0.0","","0.0","T","","","24","","48",""
"-75.67","45.32","OTTAWA INTL A","6106001","2020-06-26","2020","06","26","","27.1","","13.0","","20.1","","0.0","","2.1","","0.0","T","0.0","","0.0","T","","","28","","39",""
"-75.67","45.32","OTTAWA INTL A","6106001","2020-06-27","2020","06","27","","27.9","","16.1","","22.0","","0.0","","4.0","","0.9","","0.0","","0.9","","","","19","","41",""
"-75.67","45.32","OTTAWA INTL A","6106001","2020-06-28","2020","06","28","","27.5","","16.2","","21.9","","0.0","","3.9","","13.5","","0.0","","13.5","","","","3","","63",""
"-75.67","45.32","OTTAWA INTL A","6106001","2020-06-29","2020","06","29","","27.8","","16.2","","22.0","","0.0","","4.0","","6.8","","0.0","","6.8","","","","5","","46",""
"-75.67","45.32","OTTAWA INTL A","6106001","2020-06-30","2020","06","30","","27.2","","17.6","","22.4","","0.0","","4.4","","0.0","","0.0","","0.0","","","","","","","M"
"-75.67","45.32","OTTAWA INTL A","6106001","2020-07-01","2020","07","01","","31.1","","16.6","","23.9","","0.0","","5.9","","0.0","","0.0","","0.0","","","","","M","","M"
"-75.67","45.32","OTTAWA INTL A","6106001","2020-07-02","2020","07","02","","30.8","","19.9","","25.4","","0.0","","7.4","","0.5","","0.0","","0.5","","","","30","","65",""
"-75.67","45.32","OTTAWA INTL A","6106001","2020-07-03","2020","07","03","","31.2","","19.0","","25.1","","0.0","","7.1","","0.0","","0.0","","0.0","","","","36","","33",""
"-75.67","45.32","OTTAWA INTL A","6106001","2020-07-04","2020","07","04","","30.2","","15.5","","22.9","","0.0","","4.9","","0.0","","0.0","","0.0","","","","27","","37",""
"-75.67","45.32","OTTAWA INTL A","6106001","2020-07-05","2020","07","05","","30.2","","13.7","","22.0","","0.0","","4.0","","0.3","","0.0","","0.3","","","","29","","52",""
"-75.67","45.32","OTTAWA INTL A","6106001","2020-07-06","2020","07","06","","30.7","","14.7","","22.7","","0.0","","4.7","","0.0","","0.0","","0.0","","","","","","","M"
"-75.67","45.32","OTTAWA INTL A","6106001","2020-07-07","2020","07","07","","34.4","","15.3","","24.9","","0.0","","6.9","","0.0","","0.0","","0.0","","","","20","","39",""
"-75.67","45.32","OTTAWA INTL A","6106001","2020-07-08","2020","07","08","","33.7","","19.6","","26.7","","0.0","","8.7","","0.0","T","0.0","","0.0","T","","","34","","37",""
"-75.67","45.32","OTTAWA INTL A","6106001","2020-07-09","2020","07","09","","35.8","","19.4","","27.6","","0.0","","9.6","","0.0","T","0.0","","0.0","T","","","20","","33",""
"-75.67","45.32","OTTAWA INTL A","6106001","2020-07-10","2020","07","10","","36.9","","20.9","","28.9","","0.0","","10.9","","0.0","T","0.0","","0.0","T","","","18","","37",""
"-75.67","45.32","OTTAWA INTL A","6106001","2020-07-11","2020","07","11","","27.7","","20.5","","24.1","","0.0","","6.1","","5.6","","0.0","","5.6","","","","28","","52",""
"-75.67","45.32","OTTAWA INTL A","6106001","2020-07-12","2020","07","12","","27.6","","17.9","","22.8","","0.0","","4.8","","0.4","","0.0","","0.4","","","","28","","42",""
"-75.67","45.32","OTTAWA INTL A","6106001","2020-07-13","2020","07","13","","27.4","","16.8","","22.1","","0.0","","4.1","","0.0","","0.0","","0.0","","","","32","","37",""
"-75.67","45.32","OTTAWA INTL A","6106001","2020-07-14","2020","07","14","","29.4","","16.6","","23.0","","0.0","","5.0","","0.0","","0.0","","0.0","","","","1","","41",""
"-75.67","45.32","OTTAWA INTL A","6106001","2020-07-15","2020","07","15","","28.4","","13.9","","21.2","","0.0","","3.2","","0.0","","0.0","","0.0","","","","10","","33",""
"-75.67","45.32","OTTAWA INTL A","6106001","2020-07-16","2020","07","16","","27.7","","17.0","","22.4","","0.0","","4.4","","0.0","T","0.0","","0.0","T","","","17","","39",""
"-75.67","45.32","OTTAWA INTL A","6106001","2020-07-17","2020","07","17","","31.8","","20.1","","26.0","","0.0","","8.0","","2.5","","0.0","","2.5","","","","25","","39",""
"-75.67","45.32","OTTAWA INTL A","6106001","2020-07-18","2020","07","18","","32.5","","16.2","","24.4","","0.0","","6.4","","0.0","","0.0","","0.0","","","","27","","32",""
"-75.67","45.32","OTTAWA INTL A","6106001","2020-07-19","2020","07","19","","31.6","","21.1","","26.4","","0.0","","8.4","","14.8","","0.0","","14.8","","","","21","","61",""
"-75.67","45.32","OTTAWA INTL A","6106001","2020-07-20","2020","07","20","","29.7","","19.8","","24.8","","0.0","","6.8","","0.0","","0.0","","0.0","","","","29","","42",""
"-75.67","45.32","OTTAWA INTL A","6106001","2020-07-21","2020","07","21","","26.5","","16.1","","21.3","","0.0","","3.3","","0.0","","0.0","","0.0","","","","28","","35",""
"-75.67","45.32","OTTAWA INTL A","6106001","2020-07-22","2020","07","22","","26.4","","15.6","","21.0","","0.0","","3.0","","2.7","","0.0","","2.7","","","","16","","32",""
"-75.67","45.32","OTTAWA INTL A","6106001","2020-07-23","2020","07","23","","27.4","","16.0","","21.7","","0.0","","3.7","","0.0","T","0.0","","0.0","T","","","1","","33",""
"-75.67","45.32","OTTAWA INTL A","6106001","2020-07-24","2020","07","24","","30.8","","14.6","","22.7","","0.0","","4.7","","0.0","","0.0","","0.0","","","","","M","","M"
"-75.67","45.32","OTTAWA INTL A","6106001","2020-07-25","2020","07","25","","32.4","","14.6","","23.5","","0.0","","5.5","","0.0","","0.0","","0.0","","","","21","","35",""
"-75.67","45.32","OTTAWA INTL A","6106001","2020-07-26","2020","07","26","","35.5","","21.1","","28.3","","0.0","","10.3","","0.0","","0.0","","0.0","","","","24","","52",""
"-75.67","45.32","OTTAWA INTL A","6106001","2020-07-27","2020","07","27","","31.6","","23.2","","27.4","","0.0","","9.4","","6.3","","0.0","","6.3","","","","25","","52",""
"-75.67","45.32","OTTAWA INTL A","6106001","2020-07-28","2020","07","28","","30.5","","18.0","","24.3","","0.0","","6.3","","0.0","","0.0","","0.0","","","","26","","39",""
"-75.67","45.32","OTTAWA INTL A","6106001","2020-07-29","2020","07","29","","28.3","","16.9","","22.6","","0.0","","4.6","","20.2","","0.0","","20.2","","","","21","","52",""
"-75.67","45.32","OTTAWA INTL A","6106001","2020-07-30","2020","07","30","","28.0","","14.9","","21.5","","0.0","","3.5","","0.7","","0.0","","0.7","","","","29","","32",""
"-75.67","45.32","OTTAWA INTL A","6106001","2020-07-31","2020","07","31","","29.6","","14.8","","22.2","","0.0","","4.2","","0.0","","0.0","","0.0","","","","","M","","M"
"-75.67","45.32","OTTAWA INTL A","6106001","2020-08-01","2020","08","01","","30.5","","15.7","","23.1","","0.0","","5.1","","0.0","","0.0","","0.0","","","","","M","","M"
"-75.67","45.32","OTTAWA INTL A","6106001","2020-08-02","2020","08","02","","23.9","","18.8","","21.4","","0.0","","3.4","","22.2","","0.0","","22.2","","","","27","","54",""
"-75.67","45.32","OTTAWA INTL A","6106001","2020-08-03","2020","08","03","","25.1","","16.5","","20.8","","0.0","","2.8","","2.5","","0.0","","2.5","","","","27","","50",""
"-75.67","45.32","OTTAWA INTL A","6106001","2020-08-04","2020","08","04","","21.0","","16.9","","19.0","","0.0","","1.0","","16.5","","0.0","","16.5","","","","23","","37",""
"-75.67","45.32","OTTAWA INTL A","6106001","2020-08-05","2020","08","05","","23.5","","13.5","","18.5","","0.0","","0.5","","1.4","","0.0","","1.4","","","","25","","42",""
"-75.67","45.32","OTTAWA INTL A","6106001","2020-08-06","2020","08","06","","25.3","","10.3","","17.8","","0.2","","0.0","","0.0","","0.0","","0.0","","","","","M","","M"
"-75.67","45.32","OTTAWA INTL A","6106001","2020-08-07","2020","08","07","","27.4","","11.5","","19.5","","0.0","","1.5","","0.0","","0.0","","0.0","","","","","M","","M"
"-75.67","45.32","OTTAWA INTL A","6106001","2020-08-08","2020","08","08","","29.2","","13.3","","21.3","","0.0","","3.3","","0.0","","0.0","","0.0","","","","","M","","M"
"-75.67","45.32","OTTAWA INTL A","6106001","2020-08-09","2020","08","09","","23.8","","15.9","","19.9","","0.0","","1.9","","0.8","","0.0","","0.8","","","","24","","39",""
"-75.67","45.32","OTTAWA INTL A","6106001","2020-08-10","2020","08","10","","29.3","","16.2","","22.8","","0.0","","4.8","","0.0","","0.0","","0.0","","","","23","","39",""
"-75.67","45.32","OTTAWA INTL A","6106001","2020-08-11","2020","08","11","","31.9","","18.4","","25.2","","0.0","","7.2","","0.9","","0.0","","0.9","","","","20","","46",""
"-75.67","45.32","OTTAWA INTL A","6106001","2020-08-12","2020","08","12","","30.0","","15.0","","22.5","","0.0","","4.5","","0.0","","0.0","","0.0","","","","","","","M"
"-75.67","45.32","OTTAWA INTL A","6106001","2020-08-13","2020","08","13","","31.1","","16.7","","23.9","","0.0","","5.9","","0.0","","0.0","","0.0","","","","32","","45",""
"-75.67","45.32","OTTAWA INTL A","6106001","2020-08-14","2020","08","14","","28.1","","15.1","","21.6","","0.0","","3.6","","0.0","","0.0","","0.0","","","","4","","33",""
"-75.67","45.32","OTTAWA INTL A","6106001","2020-08-15","2020","08","15","","28.8","","13.9","","21.4","","0.0","","3.4","","0.0","","0.0","","0.0","","","","10","","37",""
"-75.67","45.32","OTTAWA INTL A","6106001","2020-08-16","2020","08","16","","29.3","","15.5","","22.4","","0.0","","4.4","","19.0","","0.0","","19.0","","","","16","","35",""
"-75.67","45.32","OTTAWA INTL A","6106001","2020-08-17","2020","08","17","","25.6","","14.3","","20.0","","0.0","","2.0","","8.0","","0.0","","8.0","","","","28","","74",""
"-75.67","45.32","OTTAWA INTL A","6106001","2020-08-18","2020","08","18","","23.1","","12.1","","17.6","","0.4","","0.0","","0.0","","0.0","","0.0","","","","35","","52",""
"-75.67","45.32","OTTAWA INTL A","6106001","2020-08-19","2020","08","19","","21.9","","9.2","","15.6","","2.4","","0.0","","0.0","","0.0","","0.0","","","","27","","41",""
"-75.67","45.32","OTTAWA INTL A","6106001","2020-08-20","2020","08","20","","19.6","","8.8","","14.2","","3.8","","0.0","","1.6","","0.0","","1.6","","","","","","","M"
"-75.67","45.32","OTTAWA INTL A","6106001","2020-08-21","2020","08","21","","23.8","","14.4","","19.1","","0.0","","1.1","","0.2","","0.0","","0.2","","","","","","","M"
"-75.67","45.32","OTTAWA INTL A","6106001","2020-08-22","2020","08","22","","27.1","","14.9","","21.0","","0.0","","3.0","","0.0","T","0.0","","0.0","T","","","","M","","M"
"-75.67","45.32","OTTAWA INTL A","6106001","2020-08-23","2020","08","23","","28.7","","18.2","","23.5","","0.0","","5.5","","8.2","","0.0","","8.2","","","","32","","50",""
"-75.67","45.32","OTTAWA INTL A","6106001","2020-08-24","2020","08","24","","29.0","","17.9","","23.5","","0.0","","5.5","","16.4","","0.0","","16.4","","","","","M","","M"
"-75.67","45.32","OTTAWA INTL A","6106001","2020-08-25","2020","08","25","","24.2","","11.8","","18.0","","0.0","","0.0","","0.0","T","0.0","","0.0","T","","","31","","55",""
"-75.67","45.32","OTTAWA INTL A","6106001","2020-08-26","2020","08","26","","18.8","","8.2","","13.5","","4.5","","0.0","","0.0","","0.0","","0.0","","","","27","","42",""
"-75.67","45.32","OTTAWA INTL A","6106001","2020-08-27","2020","08","27","","16.2","","8.8","","12.5","","5.5","","0.0","","4.7","","0.0","","4.7","","","","","M","","M"
"-75.67","45.32","OTTAWA INTL A","6106001","2020-08-28","2020","08","28","","22.4","","10.9","","16.7","","1.3","","0.0","","0.0","","0.0","","0.0","","","","","M","","M"
"-75.67","45.32","OTTAWA INTL A","6106001","2020-08-29","2020","08","29","","16.4","","14.2","","15.3","","2.7","","0.0","","32.6","","0.0","","32.6","","","","30","","45",""
"-75.67","45.32","OTTAWA INTL A","6106001","2020-08-30","2020","08","30","","20.6","","11.1","","15.9","","2.1","","0.0","","0.0","T","0.0","","0.0","T","","","32","","48",""
"-75.67","45.32","OTTAWA INTL A","6106001","2020-08-31","2020","08","31","","21.8","","8.9","","15.4","","2.6","","0.0","","0.0","","0.0","","0.0","","","","","M","","M"
"-75.67","45.32","OTTAWA INTL A","6106001","2020-09-01","2020","09","01","","25.0","","12.4","","18.7","","0.0","","0.7","","0.0","","0.0","","0.0","","","","19","","35",""
"-75.67","45.32","OTTAWA INTL A","6106001","2020-09-02","2020","09","02","","26.4","","14.9","","20.7","","0.0","","2.7","","9.8","","0.0","","9.8","","","","20","","50",""
"-75.67","45.32","OTTAWA INTL A","6106001","2020-09-03","2020","09","03","","24.1","","12.1","","18.1","","0.0","","0.1","","1.2","","0.0","","1.2","","","","23","","39",""
"-75.67","45.32","OTTAWA INTL A","6106001","2020-09-04","2020","09","04","","20.9","","9.8","","15.4","","2.6","","0.0","","0.2","","0.0","","0.2","","","","29","","58",""
"-75.67","45.32","OTTAWA INTL A","6106001","2020-09-05","2020","09","05","","21.4","","8.8","","15.1","","2.9","","0.0","","0.9","","0.0","","0.9","","","","30","","55",""
"-75.67","45.32","OTTAWA INTL A","6106001","2020-09-06","2020","09","06","","20.2","","7.2","","13.7","","4.3","","0.0","","0.0","","0.0","","0.0","","","","","M","","M"
"-75.67","45.32","OTTAWA INTL A","6106001","2020-09-07","2020","09","07","","25.0","","11.6","","18.3","","0.0","","0.3","","4.5","","0.0","","4.5","","","","20","","67",""
"-75.67","45.32","OTTAWA INTL A","6106001","2020-09-08","2020","09","08","","18.2","","9.2","","13.7","","4.3","","0.0","","0.5","","0.0","","0.5","","","","","M","","M"
"-75.67","45.32","OTTAWA INTL A","6106001","2020-09-09","2020","09","09","","16.2","","11.5","","13.9","","4.1","","0.0","","3.0","","0.0","","3.0","","","","","M","","M"
"-75.67","45.32","OTTAWA INTL A","6106001","2020-09-10","2020","09","10","","15.1","","10.3","","12.7","","5.3","","0.0","","0.0","T","0.0","","0.0","T","","","33","","33",""
"-75.67","45.32","OTTAWA INTL A","6106001","2020-09-11","2020","09","11","","17.6","","4.8","","11.2","","6.8","","0.0","","0.0","","0.0","","0.0","","","","2","","32",""
"-75.67","45.32","OTTAWA INTL A","6106001","2020-09-12","2020","09","12","","21.1","","4.6","","12.9","","5.1","","0.0","","0.0","","0.0","","0.0","","","","","M","","M"
"-75.67","45.32","OTTAWA INTL A","6106001","2020-09-13","2020","09","13","","21.3","","13.5","","17.4","","0.6","","0.0","","7.1","","0.0","","7.1","","","","20","","50",""
"-75.67","45.32","OTTAWA INTL A","6106001","2020-09-14","2020","09","14","","15.0","","3.5","","9.3","","8.7","","0.0","","0.0","","0.0","","0.0","","","","33","","42",""
"-75.67","45.32","OTTAWA INTL A","6106001","2020-09-15","2020","09","15","","14.8","","2.1","","8.5","","9.5","","0.0","","0.0","","0.0","","0.0","","","","","M","","M"
"-75.67","45.32","OTTAWA INTL A","6106001","2020-09-16","2020","09","16","","","M","","M","","M","","M","","M","","M","","M","","M","","","19","","61",""
"-75.67","45.32","OTTAWA INTL A","6106001","2020-09-17","2020","09","17","","14.7","","2.3","","8.5","","9.5","","0.0","","0.0","","0.0","","0.0","","","","32","","35",""
"-75.67","45.32","OTTAWA INTL A","6106001","2020-09-18","2020","09","18","","14.2","","2.5","","8.4","","9.6","","0.0","","0.0","","0.0","","0.0","","","","33","","45",""
"-75.67","45.32","OTTAWA INTL A","6106001","2020-09-19","2020","09","19","","13.7","","-0.4","","6.7","","11.3","","0.0","","0.0","","0.0","","0.0","","","","","M","","M"
"-75.67","45.32","OTTAWA INTL A","6106001","2020-09-20","2020","09","20","","15.1","","2.0","","8.6","","9.4","","0.0","","0.0","","0.0","","0.0","","","","","M","","M"
"-75.67","45.32","OTTAWA INTL A","6106001","2020-09-21","2020","09","21","","17.8","","0.1","","9.0","","9.0","","0.0","","0.0","","0.0","","0.0","","","","","M","","M"
"-75.67","45.32","OTTAWA INTL A","6106001","2020-09-22","2020","09","22","","19.3","","1.3","","10.3","","7.7","","0.0","","0.6","","0.0","","0.6","","","","","M","","M"
"-75.67","45.32","OTTAWA INTL A","6106001","2020-09-23","2020","09","23","","23.6","","8.5","","16.1","","1.9","","0.0","","0.0","","0.0","","0.0","","","","26","","39",""
"-75.67","45.32","OTTAWA INTL A","6106001","2020-09-24","2020","09","24","","17.8","","9.5","","13.7","","4.3","","0.0","","1.9","","0.0","","1.9","","","","","M","","M"
"-75.67","45.32","OTTAWA INTL A","6106001","2020-09-25","2020","09","25","","18.3","","8.1","","13.2","","4.8","","0.0","","0.0","T","0.0","","0.0","T","","","","M","","M"
"-75.67","45.32","OTTAWA INTL A","6106001","2020-09-26","2020","09","26","","26.6","","6.6","","16.6","","1.4","","0.0","","0.0","","0.0","","0.0","","","","19","","37",""
"-75.67","45.32","OTTAWA INTL A","6106001","2020-09-27","2020","09","27","","26.0","","15.8","","20.9","","0.0","","2.9","","0.0","","0.0","","0.0","","","","19","","48",""
"-75.67","45.32","OTTAWA INTL A","6106001","2020-09-28","2020","09","28","","27.0","","13.5","","20.3","","0.0","","2.3","","0.0","","0.0","","0.0","","","","14","","35",""
"-75.67","45.32","OTTAWA INTL A","6106001","2020-09-29","2020","09","29","","21.1","","12.5","","16.8","","1.2","","0.0","","9.5","","0.0","","9.5","","","","25","","41",""
"-75.67","45.32","OTTAWA INTL A","6106001","2020-09-30","2020","09","30","","16.4","","10.1","","13.3","","4.7","","0.0","","12.8","","0.0","","12.8","","","","21","","55",""
"-75.67","45.32","OTTAWA INTL A","6106001","2020-10-01","2020","10","01","","17.6","","8.1","","12.9","","5.1","","0.0","","0.0","T","0.0","","0.0","T","","","21","","39",""
"-75.67","45.32","OTTAWA INTL A","6106001","2020-10-02","2020","10","02","","11.5","","3.7","","7.6","","10.4","","0.0","","7.2","","0.0","","7.2","","","","","M","","M"
"-75.67","45.32","OTTAWA INTL A","6106001","2020-10-03","2020","10","03","","12.3","","3.6","","8.0","","10.0","","0.0","","0.0","","0.0","","0.0","","","","","M","","M"
"-75.67","45.32","OTTAWA INTL A","6106001","2020-10-04","2020","10","04","","14.4","","4.6","","9.5","","8.5","","0.0","","2.8","","0.0","","2.8","","","","","","","M"
"-75.67","45.32","OTTAWA INTL A","6106001","2020-10-05","2020","10","05","","12.2","","6.4","","9.3","","8.7","","0.0","","2.8","","0.0","","2.8","","","","","M","","M"
"-75.67","45.32","OTTAWA INTL A","6106001","2020-10-06","2020","10","06","","16.4","","5.5","","11.0","","7.0","","0.0","","0.0","T","0.0","","0.0","T","","","19","","50",""
"-75.67","45.32","OTTAWA INTL A","6106001","2020-10-07","2020","10","07","","16.7","","6.3","","11.5","","6.5","","0.0","","6.0","","0.0","","6.0","","","","27","","71",""
"-75.67","45.32","OTTAWA INTL A","6106001","2020-10-08","2020","10","08","","9.8","","0.4","","5.1","","12.9","","0.0","","0.0","","0.0","","0.0","","","","30","","52",""
"-75.67","45.32","OTTAWA INTL A","6106001","2020-10-09","2020","10","09","","15.5","","-1.0","","7.3","","10.7","","0.0","","0.0","T","0.0","","0.0","T","","","23","","42",""
"-75.67","45.32","OTTAWA INTL A","6106001","2020-10-10","2020","10","10","","22.8","","6.3","","14.6","","3.4","","0.0","","0.5","","0.0","","0.5","","","","28","","61",""
"-75.67","45.32","OTTAWA INTL A","6106001","2020-10-11","2020","10","11","","10.8","","1.2","","6.0","","12.0","","0.0","","0.0","","0.0","","0.0","","","","33","","35",""
"-75.67","45.32","OTTAWA INTL A","6106001","2020-10-12","2020","10","12","","13.9","","0.7","","7.3","","10.7","","0.0","","0.0","T","0.0","","0.0","T","","","9","","37",""
"-75.67","45.32","OTTAWA INTL A","6106001","2020-10-13","2020","10","13","","12.6","","6.5","","9.6","","8.4","","0.0","","12.6","","0.0","","12.6","","","","10","","32",""
"-75.67","45.32","OTTAWA INTL A","6106001","2020-10-14","2020","10","14","","16.5","","3.5","","10.0","","8.0","","0.0","","0.0","T","0.0","","0.0","T","","","27","","45",""
"-75.67","45.32","OTTAWA INTL A","6106001","2020-10-15","2020","10","15","","19.8","","7.5","","13.7","","4.3","","0.0","","14.2","","0.0","","14.2","","","","25","","54",""
"-75.67","45.32","OTTAWA INTL A","6106001","2020-10-16","2020","10","16","","10.2","","-0.7","","4.8","","13.2","","0.0","","6.2","","0.0","","6.2","","","","22","","32",""
"-75.67","45.32","OTTAWA INTL A","6106001","2020-10-17","2020","10","17","","14.1","","-1.0","","6.6","","11.4","","0.0","","0.0","","0.0","","0.0","","","","21","","39",""
"-75.67","45.32","OTTAWA INTL A","6106001","2020-10-18","2020","10","18","","14.3","","2.4","","8.4","","9.6","","0.0","","0.0","T","0.0","","0.0","T","","","17","","45",""
"-75.67","45.32","OTTAWA INTL A","6106001","2020-10-19","2020","10","19","","13.5","","4.5","","9.0","","9.0","","0.0","","10.7","","0.0","","10.7","","","","25","","54",""
"-75.67","45.32","OTTAWA INTL A","6106001","2020-10-20","2020","10","20","","9.6","","1.9","","5.8","","12.2","","0.0","","4.9","","0.0","","4.9","","","","36","","37",""
"-75.67","45.32","OTTAWA INTL A","6106001","2020-10-21","2020","10","21","","16.0","","3.5","","9.8","","8.2","","0.0","","11.7","","0.0","","11.7","","","","8","","42",""
"-75.67","45.32","OTTAWA INTL A","6106001","2020-10-22","2020","10","22","","11.4","","3.0","","7.2","","10.8","","0.0","","0.0","T","0.0","","0.0","T","","","","M","","M"
"-75.67","45.32","OTTAWA INTL A","6106001","2020-10-23","2020","10","23","","24.8","","8.8","","16.8","","1.2","","0.0","","0.0","T","0.0","","0.0","T","","","20","","58",""
"-75.67","45.32","OTTAWA INTL A","6106001","2020-10-24","2020","10","24","","18.4","","0.9","","9.7","","8.3","","0.0","","2.2","","0.0","","2.2","","","","29","","65",""
"-75.67","45.32","OTTAWA INTL A","6106001","2020-10-25","2020","10","25","","5.7","","-1.7","","2.0","","16.0","","0.0","","0.0","","0.0","","0.0","","","","9","","32",""
"-75.67","45.32","OTTAWA INTL A","6106001","2020-10-26","2020","10","26","","3.1","","0.4","","1.8","","16.2","","0.0","","7.0","","0.2","","7.2","","","","9","","33",""
"-75.67","45.32","OTTAWA INTL A","6106001","2020-10-27","2020","10","27","","2.7","","-2.3","","0.2","","17.8","","0.0","","0.0","","0.0","","0.0","","","","36","","33",""
"-75.67","45.32","OTTAWA INTL A","6106001","2020-10-28","2020","10","28","","9.4","","-1.1","","4.2","","13.8","","0.0","","0.4","","0.0","","0.4","","0","T","23","","39",""
"-75.67","45.32","OTTAWA INTL A","6106001","2020-10-29","2020","10","29","","6.0","","-1.3","","2.4","","15.6","","0.0","","0.0","T","0.0","","0.0","T","","","1","","42",""
"-75.67","45.32","OTTAWA INTL A","6106001","2020-10-30","2020","10","30","","3.9","","-4.9","","-0.5","","18.5","","0.0","","0.0","","0.0","","0.0","","","","2","","32",""
"-75.67","45.32","OTTAWA INTL A","6106001","2020-10-31","2020","10","31","","6.5","","-8.4","","-1.0","","19.0","","0.0","","0.0","","0.0","","0.0","","","","17","","32",""
"-75.67","45.32","OTTAWA INTL A","6106001","2020-11-01","2020","11","01","","7.8","","-0.7","","3.6","","14.4","","0.0","","2.2","","0.0","","2.2","","","","17","","45",""
"-75.67","45.32","OTTAWA INTL A","6106001","2020-11-02","2020","11","02","","2.0","","-2.5","","-0.3","","18.3","","0.0","","0.0","","3.7","","2.4","","0","T","32","","80",""
"-75.67","45.32","OTTAWA INTL A","6106001","2020-11-03","2020","11","03","","0.3","","-4.1","","-1.9","","19.9","","0.0","","0.0","","0.0","T","0.0","T","3","","31","","65",""
"-75.67","45.32","OTTAWA INTL A","6106001","2020-11-04","2020","11","04","","13.8","","-3.0","","5.4","","12.6","","0.0","","0.0","","0.0","","0.0","","3","","","M","","M"
"-75.67","45.32","OTTAWA INTL A","6106001","2020-11-05","2020","11","05","","19.3","","-1.2","","9.1","","8.9","","0.0","","0.0","","0.0","","0.0","","","","22","","48",""
"-75.67","45.32","OTTAWA INTL A","6106001","2020-11-06","2020","11","06","","18.4","","7.6","","13.0","","5.0","","0.0","","0.0","","0.0","","0.0","","","","20","","37",""
"-75.67","45.32","OTTAWA INTL A","6106001","2020-11-07","2020","11","07","","20.7","","8.6","","14.7","","3.3","","0.0","","0.0","","0.0","","0.0","","","","22","","33",""
"-75.67","45.32","OTTAWA INTL A","6106001","2020-11-08","2020","11","08","","21.5","","6.4","","14.0","","4.0","","0.0","","0.0","","0.0","","0.0","","","","","","","M"
"-75.67","45.32","OTTAWA INTL A","6106001","2020-11-09","2020","11","09","","22.5","","6.2","","14.4","","3.6","","0.0","","0.0","","0.0","","0.0","","","","","M","","M"
"-75.67","45.32","OTTAWA INTL A","6106001","2020-11-10","2020","11","10","","23.4","","9.0","","16.2","","1.8","","0.0","","0.0","","0.0","","0.0","","","","23","","37",""
"-75.67","45.32","OTTAWA INTL A","6106001","2020-11-11","2020","11","11","","19.6","","2.3","","11.0","","7.0","","0.0","","0.6","","0.0","","0.6","","","","28","","54",""
"-75.67","45.32","OTTAWA INTL A","6106001","2020-11-12","2020","11","12","","7.7","","-3.3","","2.2","","15.8","","0.0","","0.0","","0.0","","0.0","","","","","","","M"
"-75.67","45.32","OTTAWA INTL A","6106001","2020-11-13","2020","11","13","","6.0","","-4.4","","0.8","","17.2","","0.0","","0.0","","0.0","","0.0","","","","5","","32",""
"-75.67","45.32","OTTAWA INTL A","6106001","2020-11-14","2020","11","14","","4.8","","-5.5","","-0.4","","18.4","","0.0","","0.0","","0.0","","0.0","","","","28","","46",""
"-75.67","45.32","OTTAWA INTL A","6106001","2020-11-15","2020","11","15","","8.8","","-4.9","","2.0","","16.0","","0.0","","2.7","","0.0","","2.7","","","","21","","74",""
"-75.67","45.32","OTTAWA INTL A","6106001","2020-11-16","2020","11","16","","7.8","","1.0","","4.4","","13.6","","0.0","","0.0","","0.0","T","0.0","T","","","23","","68",""
"-75.67","45.32","OTTAWA INTL A","6106001","2020-11-17","2020","11","17","","2.2","","-8.3","","-3.1","","21.1","","0.0","","0.0","","0.0","T","0.0","T","","","32","","46",""
"-75.67","45.32","OTTAWA INTL A","6106001","2020-11-18","2020","11","18","","-2.9","","-9.5","","-6.2","","24.2","","0.0","","0.0","","0.0","","0.0","","","","28","","39",""
"-75.67","45.32","OTTAWA INTL A","6106001","2020-11-19","2020","11","19","","8.2","","-6.2","","1.0","","17.0","","0.0","","0.0","","0.0","","0.0","","","","17","","37",""
"-75.67","45.32","OTTAWA INTL A","6106001","2020-11-20","2020","11","20","","15.1","","6.2","","10.7","","7.3","","0.0","","0.0","T","0.0","","0.0","T","","","19","","52",""
"-75.67","45.32","OTTAWA INTL A","6106001","2020-11-21","2020","11","21","","7.2","","-6.2","","0.5","","17.5","","0.0","","0.0","","0.0","","0.0","","","","28","","42",""
"-75.67","45.32","OTTAWA INTL A","6106001","2020-11-22","2020","11","22","","0.1","","-6.9","","-3.4","","21.4","","0.0","","5.2","","7.8","","12.2","","3","E","6","","39",""
"-75.67","45.32","OTTAWA INTL A","6106001","2020-11-23","2020","11","23","","0.6","","-1.7","","-0.6","","18.6","","0.0","","2.8","","1.4","","5.2","","7","","29","","46",""
"-75.67","45.32","OTTAWA INTL A","6106001","2020-11-24","2020","11","24","","-1.0","","-11.6","","-6.3","","24.3","","0.0","","0.0","","0.0","","0.0","","7","","32","","46",""
"-75.67","45.32","OTTAWA INTL A","6106001","2020-11-25","2020","11","25","","-0.5","","-6.3","","-3.4","","21.4","","0.0","","0.5","","10.4","","7.5","","10","","7","","37",""
"-75.67","45.32","OTTAWA INTL A","6106001","2020-11-26","2020","11","26","","1.8","","-0.3","","0.8","","17.2","","0.0","","1.8","","0.0","","1.8","","12","","6","","33",""
"-75.67","45.32","OTTAWA INTL A","6106001","2020-11-27","2020","11","27","","4.3","","1.6","","3.0","","15.0","","0.0","","0.0","T","0.0","","0.0","T","7","","","M","","M"
"-75.67","45.32","OTTAWA INTL A","6106001","2020-11-28","2020","11","28","","4.6","","0.8","","2.7","","15.3","","0.0","","0.0","T","0.0","","0.0","T","4","","28","","32",""
"-75.67","45.32","OTTAWA INTL A","6106001","2020-11-29","2020","11","29","","7.6","","0.5","","4.1","","13.9","","0.0","","0.0","","0.0","","0.0","","2","","","M","","M"
"-75.67","45.32","OTTAWA INTL A","6106001","2020-11-30","2020","11","30","","4.4","","-0.3","","2.1","","15.9","","0.0","","12.3","","0.0","","12.3","","0","T","4","","52",""
"-75.67","45.32","OTTAWA INTL A","6106001","2020-12-01","2020","12","01","","5.3","","0.8","","3.1","","14.9","","0.0","","6.1","","0.0","","6.1","","","","18","","33",""
"-75.67","45.32","OTTAWA INTL A","6106001","2020-12-02","2020","12","02","","1.3","","-5.2","","-2.0","","20.0","","0.0","","0.4","","2.0","","2.0","","0","T","27","","42",""
"-75.67","45.32","OTTAWA INTL A","6106001","2020-12-03","2020","12","03","","3.4","","-5.2","","-0.9","","18.9","","0.0","","0.0","T","0.0","","0.0","T","1","","24","","50",""
"-75.67","45.32","OTTAWA INTL A","6106001","2020-12-04","2020","12","04","","3.0","","0.0","","1.5","","16.5","","0.0","","3.9","","0.2","","4.3","","","","20","","33",""
"-75.67","45.32","OTTAWA INTL A","6106001","2020-12-05","2020","12","05","","1.1","","-4.6","","-1.8","","19.8","","0.0","","0.0","","0.0","T","0.0","T","","","34","","42",""
"-75.67","45.32","OTTAWA INTL A","6106001","2020-12-06","2020","12","06","","-1.6","","-5.6","","-3.6","","21.6","","0.0","","0.0","","0.0","","0.0","","","","32","","54",""
"-75.67","45.32","OTTAWA INTL A","6106001","2020-12-07","2020","12","07","","-2.8","","-7.4","","-5.1","","23.1","","0.0","","0.0","","0.0","","0.0","","","","33","","32",""
"-75.67","45.32","OTTAWA INTL A","6106001","2020-12-08","2020","12","08","","-5.0","","-9.2","","-7.1","","25.1","","0.0","","0.0","","0.0","T","0.0","T","","","","M","","M"
"-75.67","45.32","OTTAWA INTL A","6106001","2020-12-09","2020","12","09","","1.3","","-6.2","","-2.5","","20.5","","0.0","","0.3","","3.0","","2.1","","2","","","","","M"
"-75.67","45.32","OTTAWA INTL A","6106001","2020-12-10","2020","12","10","","1.4","","-1.2","","0.1","","17.9","","0.0","","0.0","","0.0","T","0.0","T","2","","30","","39",""
"-75.67","45.32","OTTAWA INTL A","6106001","2020-12-11","2020","12","11","","4.2","","-1.0","","1.6","","16.4","","0.0","","0.0","","0.0","","0.0","","1","","","M","","M"
"-75.67","45.32","OTTAWA INTL A","6106001","2020-12-12","2020","12","12","","2.0","","0.0","","1.0","","17.0","","0.0","","3.0","","0.0","T","3.0","","0","T","6","","50",""
"-75.67","45.32","OTTAWA INTL A","6106001","2020-12-13","2020","12","13","","6.7","","-4.0","","1.4","","16.6","","0.0","","0.0","","0.0","T","0.0","T","0","T","23","","54",""
"-75.67","45.32","OTTAWA INTL A","6106001","2020-12-14","2020","12","14","","-1.6","","-5.7","","-3.7","","21.7","","0.0","","0.0","","1.0","","0.4","","0","T","28","","68",""
"-75.67","45.32","OTTAWA INTL A","6106001","2020-12-15","2020","12","15","","-5.8","","-16.9","","-11.4","","29.4","","0.0","","0.0","","0.0","T","0.0","T","1","","28","","58",""
"-75.67","45.32","OTTAWA INTL A","6106001","2020-12-16","2020","12","16","","-13.3","","-18.4","","-15.9","","33.9","","0.0","","0.0","","0.0","","0.0","","0","T","6","","42",""
"-75.67","45.32","OTTAWA INTL A","6106001","2020-12-17","2020","12","17","","-5.8","","-14.0","","-9.9","","27.9","","0.0","","0.0","","0.0","","0.0","","","","5","","39",""
"-75.67","45.32","OTTAWA INTL A","6106001","2020-12-18","2020","12","18","","-5.3","","-15.7","","-10.5","","28.5","","0.0","","0.0","","0.0","","0.0","","","","","M","","M"
"-75.67","45.32","OTTAWA INTL A","6106001","2020-12-19","2020","12","19","","-3.6","","-13.3","","-8.5","","26.5","","0.0","","0.0","","0.0","T","0.0","T","0","T","","M","","M"
"-75.67","45.32","OTTAWA INTL A","6106001","2020-12-20","2020","12","20","","1.0","","-3.8","","-1.4","","19.4","","0.0","","0.0","","3.2","","1.8","","2","E","","","","M"
"-75.67","45.32","OTTAWA INTL A","6106001","2020-12-21","2020","12","21","","3.4","","0.1","","1.8","","16.2","","0.0","","0.2","","0.2","","0.8","","2","","","M","","M"
"-75.67","45.32","OTTAWA INTL A","6106001","2020-12-22","2020","12","22","","1.8","","-8.6","","-3.4","","21.4","","0.0","","0.0","","0.2","","0.2","","1","","31","","58",""
"-75.67","45.32","OTTAWA INTL A","6106001","2020-12-23","2020","12","23","","-3.0","","-11.0","","-7.0","","25.0","","0.0","","0.0","","0.6","","0.4","","0","T","9","","39",""
"-75.67","45.32","OTTAWA INTL A","6106001","2020-12-24","2020","12","24","","8.8","","-3.2","","2.8","","15.2","","0.0","","25.7","","0.0","","25.7","","0","T","16","","48",""
"-75.67","45.32","OTTAWA INTL A","6106001","2020-12-25","2020","12","25","","5.9","","-3.4","","1.3","","16.7","","0.0","","25.4","","0.0","T","25.4","","","","21","","46",""
"-75.67","45.32","OTTAWA INTL A","6106001","2020-12-26","2020","12","26","","-2.6","","-9.6","","-6.1","","24.1","","0.0","","0.0","","0.4","","0.4","","0","T","26","","50",""
"-75.67","45.32","OTTAWA INTL A","6106001","2020-12-27","2020","12","27","","-3.6","","-10.1","","-6.9","","24.9","","0.0","","0.0","","0.0","T","0.0","T","1","","9","","35",""
"-75.67","45.32","OTTAWA INTL A","6106001","2020-12-28","2020","12","28","","","M","","M","","M","","M","","M","0.0","","2.2","","1.4","","1","","21","","55",""
"-75.67","45.32","OTTAWA INTL A","6106001","2020-12-29","2020","12","29","","-6.8","","-11.8","","-9.3","","27.3","","0.0","","0.0","","0.0","","0.0","","0","T","28","","37",""
"-75.67","45.32","OTTAWA INTL A","6106001","2020-12-30","2020","12","30","","3.2","","-8.9","","-2.9","","20.9","","0.0","","1.3","","4.8","","4.5","","0","T","26","","48",""
"-75.67","45.32","OTTAWA INTL A","6106001","2020-12-31","2020","12","31","","2.3","","-5.6","","-1.7","","19.7","","0.0","","0.0","","0.0","T","0.0","T","1","","28","","46",""
